index,Year,Player,Pos,Age,Tm,G,GS,MP,PER,TS_pct,3PAr,FTr,ORB_pct,DRB_pct,TRB_pct,AST_pct,STL_pct,BLK_pct,TOV_pct,USG_pct,OWS,DWS,WS,WS/48,OBPM,DBPM,BPM,VORP,FG,FGA,FG_pct,3P,3PA,3P_pct,2P,2PA,2P_pct,eFG_pct,FT,FTA,FT_pct,ORB,DRB,TRB,AST,STL,BLK,TOV,PF,PTS,PPG,APG,RPG,SPG,was_traded,is_Center,is_Guard,is_Forward,All_NBA_Status
2,2021,Steven Adams,C,27,NOP,66.05555555555556,66.05555555555556,1827.9166666666667,15.1,0.596,0.01,0.438,14.4,20.4,17.4,9.1,1.6,2.2,17.5,11.7,2.6194444444444445,1.9361111111111111,4.555555555555555,0.119,-0.3,-0.5,-0.8,0.5694444444444444,215.25,350.77777777777777,0.614,0.0,3.4166666666666665,0.0,215.25,347.3611111111111,0.62,0.614,68.33333333333333,153.75,0.444,242.58333333333334,342.80555555555554,585.3888888888889,126.41666666666667,61.5,43.27777777777778,88.83333333333333,128.69444444444446,498.8333333333333,7.551724137931035,1.9137931034482758,0.6551724137931034,0.9310344827586207,0,1,0,0,0.0
3,2021,Bam Adebayo,C,23,MIA,72.88888888888889,72.88888888888889,2440.6388888888887,22.7,0.626,0.01,0.443,7.7,22.6,15.3,26.9,1.7,3.2,15.0,23.7,6.377777777777777,3.644444444444445,10.022222222222222,0.197,2.9,1.9,4.7,4.1,519.3333333333334,911.1111111111111,0.57,2.2777777777777777,9.11111111111111,0.25,517.0555555555555,902.0,0.573,0.571,322.30555555555554,403.1666666666667,0.799,161.72222222222223,490.8611111111111,652.5833333333334,394.05555555555554,85.41666666666667,75.16666666666667,192.47222222222223,165.13888888888889,1363.25,18.703125,5.40625,1.03125,1.171875,0,1,0,0,1.0
4,2021,LaMarcus Aldridge,C,35,TOT,29.61111111111111,26.194444444444443,767.6111111111111,15.7,0.556,0.27,0.159,3.0,15.8,9.4,11.0,0.8,3.7,7.9,22.2,0.5694444444444444,0.6833333333333332,1.2527777777777778,0.08,-0.2,-0.4,-0.6,0.2277777777777778,159.44444444444446,337.1111111111111,0.473,35.30555555555556,91.11111111111111,0.388,124.13888888888889,246.0,0.505,0.525,46.69444444444444,53.52777777777778,0.872,21.63888888888889,112.75,134.38888888888889,55.80555555555556,12.527777777777779,33.02777777777778,30.75,53.52777777777778,400.8888888888889,13.538461538461538,1.8846153846153846,1.1153846153846154,0.4230769230769231,1,1,0,0,0.0
10,2021,Jarrett Allen,C,22,TOT,71.75,51.25,2122.8888888888887,20.1,0.661,0.039,0.602,11.6,26.3,18.9,8.7,0.8,4.3,14.1,16.6,4.897222222222222,2.391666666666667,7.28888888888889,0.166,1.4,-0.4,0.9,1.5944444444444443,339.3888888888889,548.9444444444445,0.618,6.833333333333333,21.63888888888889,0.316,332.55555555555554,527.3055555555555,0.631,0.624,232.33333333333334,330.27777777777777,0.703,223.22222222222223,495.4166666666667,718.6388888888889,120.72222222222223,36.44444444444444,102.5,113.88888888888889,109.33333333333333,917.9444444444445,12.793650793650794,1.6825396825396826,1.4285714285714286,0.5079365079365079,1,1,0,0,0.0
29,2021,Deandre Ayton,C,22,PHO,78.58333333333333,78.58333333333333,2408.75,20.3,0.653,0.029,0.252,12.4,26.3,19.5,6.8,1.0,3.4,11.9,18.2,6.0361111111111105,3.530555555555556,9.566666666666668,0.191,0.9,0.0,0.9,1.8222222222222224,489.72222222222223,782.4166666666666,0.626,4.555555555555555,22.77777777777778,0.2,485.1666666666667,759.6388888888889,0.639,0.629,151.47222222222223,197.02777777777777,0.769,259.6666666666667,568.3055555555555,827.9722222222222,112.75,46.69444444444444,92.25,117.30555555555556,223.22222222222223,1135.4722222222222,14.44927536231884,1.434782608695652,1.173913043478261,0.5942028985507246,0,1,0,0,0.0
30,2021,Udoka Azubuike,C,21,UTA,17.083333333333332,0.0,64.91666666666667,10.3,0.597,0.0,1.111,7.8,16.0,12.1,0.0,0.9,5.7,18.3,12.4,0.0,0.1138888888888889,0.1138888888888889,0.119,-5.6,0.7,-4.9,0.0,4.555555555555555,10.25,0.444,0.0,0.0,,4.555555555555555,10.25,0.444,0.444,9.11111111111111,11.38888888888889,0.8,4.555555555555555,10.25,14.805555555555555,0.0,1.1388888888888888,4.555555555555555,3.4166666666666665,10.25,18.22222222222222,1.0666666666666667,0.0,0.26666666666666666,0.06666666666666667,0,1,0,0,0.0
35,2021,Mo Bamba,C,22,ORL,52.388888888888886,5.694444444444445,825.6944444444445,19.3,0.556,0.392,0.219,10.5,28.0,19.0,8.1,0.9,7.3,9.8,21.8,0.7972222222222222,1.2527777777777778,2.05,0.117,0.1,-0.1,0.0,0.4555555555555556,161.72222222222223,342.80555555555554,0.472,43.27777777777778,134.38888888888889,0.322,118.44444444444444,208.41666666666666,0.568,0.535,51.25,75.16666666666667,0.682,86.55555555555556,215.25,301.80555555555554,39.861111111111114,15.944444444444445,66.05555555555556,41.0,99.08333333333333,417.97222222222223,7.978260869565218,0.7608695652173914,1.2608695652173914,0.30434782608695654,0,1,0,0,0.0
42,2021,Aron Baynes,C,34,TOR,60.361111111111114,35.30555555555556,1116.111111111111,10.5,0.503,0.339,0.135,9.4,21.7,15.3,7.0,0.8,2.3,12.5,16.2,0.1138888888888889,1.025,1.1388888888888888,0.049,-3.5,-1.3,-4.7,-0.7972222222222222,152.61111111111111,346.22222222222223,0.441,30.75,117.30555555555556,0.262,121.86111111111111,228.91666666666666,0.532,0.485,33.02777777777778,46.69444444444444,0.707,99.08333333333333,211.83333333333334,310.9166666666667,53.52777777777778,19.36111111111111,26.194444444444443,52.388888888888886,135.52777777777777,369.0,6.113207547169812,0.8867924528301887,0.4339622641509434,0.32075471698113206,0,1,0,0,0.0
47,2021,Jordan Bell,C,26,TOT,6.833333333333333,1.1388888888888888,93.38888888888889,8.0,0.328,0.091,0.091,9.1,21.9,15.5,10.6,1.7,5.2,14.9,13.6,-0.1138888888888889,0.1138888888888889,0.0,-0.008,-5.2,-0.4,-5.6,-0.1138888888888889,7.972222222222222,25.055555555555557,0.318,0.0,2.2777777777777777,0.0,7.972222222222222,22.77777777777778,0.35,0.318,1.1388888888888888,2.2777777777777777,0.5,7.972222222222222,19.36111111111111,27.333333333333332,7.972222222222222,3.4166666666666665,5.694444444444445,4.555555555555555,7.972222222222222,17.083333333333332,2.5,1.1666666666666667,0.8333333333333334,0.5,1,1,0,0,0.0
55,2021,Khem Birch,C,28,TOT,76.30555555555556,25.055555555555557,1741.361111111111,15.1,0.552,0.137,0.339,11.6,15.3,13.4,8.5,1.5,3.1,9.2,13.6,2.6194444444444445,1.5944444444444443,4.3277777777777775,0.118,-1.0,-0.3,-1.3,0.3416666666666666,215.25,432.77777777777777,0.497,14.805555555555555,59.22222222222222,0.25,200.44444444444446,373.55555555555554,0.537,0.514,103.63888888888889,146.91666666666666,0.705,198.16666666666666,242.58333333333334,440.75,101.36111111111111,54.666666666666664,56.94444444444444,50.111111111111114,128.69444444444446,548.9444444444445,7.1940298507462686,1.328358208955224,0.746268656716418,0.7164179104477612,1,1,0,0,0.0
58,2021,Goga Bitadze,C,21,IND,51.25,3.4166666666666665,638.9166666666666,16.3,0.523,0.407,0.314,11.7,17.3,14.5,8.9,0.8,8.7,7.1,18.1,0.7972222222222222,0.9111111111111112,1.7083333333333333,0.129,-1.9,0.8,-1.2,0.1138888888888889,94.52777777777777,220.94444444444446,0.428,22.77777777777778,89.97222222222223,0.253,71.75,130.97222222222223,0.548,0.479,51.25,69.47222222222223,0.738,68.33333333333333,102.5,170.83333333333334,42.138888888888886,10.25,68.33333333333333,19.36111111111111,107.05555555555556,263.0833333333333,5.133333333333334,0.8222222222222222,1.3333333333333333,0.2,0,1,0,0,0.0
59,2021,Bismack Biyombo,C,28,CHO,75.16666666666667,41.0,1536.361111111111,11.7,0.574,0.004,0.434,10.8,17.1,13.9,8.3,0.6,5.4,19.8,11.5,1.025,1.5944444444444443,2.6194444444444445,0.081,-3.2,-0.1,-3.3,-0.5694444444444444,161.72222222222223,275.6111111111111,0.587,0.0,1.1388888888888888,0.0,161.72222222222223,274.47222222222223,0.589,0.587,53.52777777777778,119.58333333333333,0.448,156.02777777777777,239.16666666666666,395.19444444444446,92.25,19.36111111111111,84.27777777777777,80.86111111111111,160.58333333333334,376.97222222222223,5.015151515151516,1.2272727272727273,1.121212121212121,0.25757575757575757,0,1,0,0,0.0
68,2021,Marques Bolden,C,22,CLE,6.833333333333333,0.0,33.02777777777778,13.3,0.537,0.0,2.667,11.3,11.9,11.6,0.0,3.4,6.1,23.5,12.8,0.0,0.0,0.0,0.063,-3.4,0.6,-2.8,0.0,1.1388888888888888,3.4166666666666665,0.333,0.0,0.0,,1.1388888888888888,3.4166666666666665,0.333,0.333,5.694444444444445,9.11111111111111,0.625,3.4166666666666665,3.4166666666666665,6.833333333333333,0.0,2.2777777777777777,2.2777777777777777,2.2777777777777777,0.0,7.972222222222222,1.1666666666666667,0.0,0.3333333333333333,0.3333333333333333,0,1,0,0,0.0
72,2021,Chris Boucher,C,28,TOR,68.33333333333333,15.944444444444445,1654.8055555555557,21.9,0.634,0.42,0.345,8.5,22.5,15.3,6.9,1.2,7.6,6.7,20.5,4.555555555555555,2.391666666666667,6.947222222222222,0.201,2.8,0.1,2.9,2.05,328.0,637.7777777777778,0.514,102.5,267.6388888888889,0.383,225.5,370.1388888888889,0.609,0.595,173.11111111111111,219.80555555555554,0.788,133.25,326.8611111111111,460.1111111111111,71.75,39.861111111111114,126.41666666666667,52.388888888888886,189.05555555555554,931.6111111111111,13.633333333333333,1.05,1.85,0.5833333333333334,0,1,0,0,0.0
77,2021,Tony Bradley,C,23,TOT,47.833333333333336,9.11111111111111,779.0,20.7,0.678,0.015,0.279,13.3,24.0,18.6,8.5,1.0,3.9,13.0,15.8,2.05,1.1388888888888888,3.075,0.192,1.1,0.1,1.2,0.6833333333333332,149.19444444444446,224.36111111111111,0.665,0.0,3.4166666666666665,0.0,149.19444444444446,220.94444444444446,0.675,0.665,43.27777777777778,62.638888888888886,0.691,96.80555555555556,175.38888888888889,272.19444444444446,42.138888888888886,17.083333333333332,34.166666666666664,37.583333333333336,69.47222222222223,341.6666666666667,7.142857142857143,0.8809523809523809,0.7142857142857143,0.35714285714285715,1,1,0,0,0.0
87,2021,Amida Brimah,C,26,IND,5.694444444444445,0.0,33.02777777777778,16.6,0.697,0.0,0.375,7.5,22.3,15.0,4.8,0.0,14.0,30.0,19.6,0.0,0.1138888888888889,0.0,0.073,-5.5,1.5,-4.0,0.0,5.694444444444445,9.11111111111111,0.625,0.0,0.0,,5.694444444444445,9.11111111111111,0.625,0.625,3.4166666666666665,3.4166666666666665,1.0,2.2777777777777777,6.833333333333333,9.11111111111111,1.1388888888888888,0.0,5.694444444444445,4.555555555555555,4.555555555555555,14.805555555555555,2.6,0.2,1.0,0.0,0,1,0,0,0.0
95,2021,Moses Brown,C,21,OKC,48.97222222222222,36.44444444444444,1047.7777777777778,18.8,0.572,0.0,0.47,17.2,26.2,21.6,1.7,1.6,4.5,11.7,16.9,1.4805555555555556,1.4805555555555556,2.9611111111111112,0.138,-1.2,-1.4,-2.6,-0.1138888888888889,166.27777777777777,305.22222222222223,0.545,0.0,0.0,,166.27777777777777,305.22222222222223,0.545,0.545,88.83333333333333,143.5,0.619,175.38888888888889,260.80555555555554,436.19444444444446,11.38888888888889,35.30555555555556,53.52777777777778,48.97222222222222,105.91666666666667,421.3888888888889,8.604651162790697,0.23255813953488372,1.0930232558139534,0.7209302325581395,0,1,0,0,0.0
102,2021,Thomas Bryant,C,23,WAS,11.38888888888889,11.38888888888889,308.6388888888889,18.7,0.704,0.231,0.264,7.1,16.8,11.9,8.2,0.7,2.5,9.8,17.2,0.7972222222222222,0.2277777777777778,1.1388888888888888,0.171,2.1,-1.7,0.4,0.2277777777777778,67.19444444444444,103.63888888888889,0.648,10.25,23.916666666666668,0.429,56.94444444444444,79.72222222222223,0.714,0.698,18.22222222222222,27.333333333333332,0.667,20.5,48.97222222222222,69.47222222222223,17.083333333333332,4.555555555555555,9.11111111111111,12.527777777777779,35.30555555555556,162.86111111111111,14.3,1.5,0.8,0.4,0,1,0,0,0.0
113,2021,Clint Capela,C,26,ATL,71.75,71.75,2161.6111111111113,24.3,0.601,0.0,0.327,17.5,34.3,26.1,4.1,1.1,6.0,8.4,19.9,5.580555555555556,3.758333333333333,9.338888888888889,0.207,2.7,-0.2,2.5,2.391666666666667,470.3611111111111,791.5277777777778,0.594,0.0,0.0,,470.3611111111111,791.5277777777778,0.594,0.594,148.05555555555554,258.52777777777777,0.573,338.25,690.1666666666666,1028.4166666666667,55.80555555555556,50.111111111111114,146.91666666666666,83.13888888888889,165.13888888888889,1088.7777777777778,15.174603174603174,0.7777777777777778,2.0476190476190474,0.6984126984126984,0,1,0,0,0.0
114,2021,Vernon Carey Jr.,C,19,CHO,21.63888888888889,4.555555555555555,130.97222222222223,11.7,0.563,0.194,0.306,5.6,20.1,12.7,2.6,0.4,4.3,10.9,17.2,0.0,0.1138888888888889,0.2277777777777778,0.066,-4.4,-1.8,-6.2,-0.1138888888888889,20.5,41.0,0.5,1.1388888888888888,7.972222222222222,0.143,19.36111111111111,33.02777777777778,0.586,0.514,10.25,12.527777777777779,0.818,6.833333333333333,23.916666666666668,30.75,2.2777777777777777,1.1388888888888888,5.694444444444445,5.694444444444445,14.805555555555555,52.388888888888886,2.4210526315789473,0.10526315789473684,0.2631578947368421,0.05263157894736842,0,1,0,0,0.0
116,2021,Wendell Carter Jr.,C,21,TOT,61.5,50.111111111111114,1565.9722222222222,16.7,0.566,0.112,0.392,10.2,24.6,17.4,11.2,1.2,2.7,12.7,19.3,1.9361111111111111,1.9361111111111111,3.8722222222222222,0.118,-1.0,-0.5,-1.5,0.1138888888888889,261.94444444444446,520.4722222222222,0.503,17.083333333333332,58.083333333333336,0.294,244.86111111111111,462.3888888888889,0.53,0.52,149.19444444444446,203.86111111111111,0.732,150.33333333333334,354.19444444444446,504.52777777777777,118.44444444444444,39.861111111111114,47.833333333333336,88.83333333333333,166.27777777777777,690.1666666666666,11.222222222222221,1.9259259259259258,0.7777777777777778,0.6481481481481481,1,1,0,0,0.0
121,2021,Willie Cauley-Stein,C,27,DAL,60.361111111111114,18.22222222222222,1031.8333333333333,14.3,0.647,0.06,0.429,8.1,20.5,14.3,5.3,1.1,4.4,11.8,12.0,1.8222222222222224,1.3666666666666665,3.1888888888888887,0.147,-2.2,0.6,-1.6,0.1138888888888889,130.97222222222223,207.27777777777777,0.632,1.1388888888888888,12.527777777777779,0.091,129.83333333333334,194.75,0.667,0.635,55.80555555555556,88.83333333333333,0.628,75.16666666666667,193.61111111111111,268.77777777777777,39.861111111111114,23.916666666666668,48.97222222222222,33.02777777777778,146.91666666666666,318.8888888888889,5.283018867924528,0.660377358490566,0.8113207547169812,0.39622641509433965,0,1,0,0,0.0
130,2021,Nicolas Claxton,C,21,BRK,36.44444444444444,1.1388888888888888,676.5,16.9,0.612,0.034,0.441,8.4,21.8,15.4,6.4,1.9,5.9,9.4,14.0,1.1388888888888888,1.025,2.1638888888888888,0.153,-0.8,1.1,0.3,0.3416666666666666,102.5,165.13888888888889,0.621,1.1388888888888888,5.694444444444445,0.2,101.36111111111111,159.44444444444446,0.636,0.624,35.30555555555556,72.88888888888889,0.484,48.97222222222222,140.08333333333334,189.05555555555554,31.88888888888889,26.194444444444443,45.55555555555556,20.5,77.44444444444444,241.44444444444446,6.625,0.875,1.25,0.71875,0,1,0,0,0.0
141,2021,DeMarcus Cousins,C,30,TOT,46.69444444444444,12.527777777777779,812.0277777777778,16.4,0.537,0.443,0.266,8.0,32.7,20.0,16.3,2.3,3.0,15.8,24.5,0.0,1.3666666666666665,1.3666666666666665,0.079,-1.2,1.9,0.7,0.5694444444444444,148.05555555555554,347.3611111111111,0.426,53.52777777777778,153.75,0.348,94.52777777777777,193.61111111111111,0.488,0.503,67.19444444444444,92.25,0.728,60.361111111111114,239.16666666666666,299.52777777777777,86.55555555555556,38.72222222222222,27.333333333333332,72.88888888888889,121.86111111111111,416.8333333333333,8.926829268292684,1.853658536585366,0.5853658536585366,0.8292682926829268,1,1,0,0,0.0
154,2021,Ed Davis,C,31,MIN,26.194444444444443,7.972222222222222,340.52777777777777,13.1,0.487,0.0,0.273,16.1,26.0,20.8,9.0,2.1,3.8,12.4,7.9,0.5694444444444444,0.4555555555555556,0.9111111111111112,0.135,-3.5,0.7,-2.9,-0.1138888888888889,21.63888888888889,50.111111111111114,0.432,0.0,0.0,,21.63888888888889,50.111111111111114,0.432,0.432,11.38888888888889,13.666666666666666,0.833,52.388888888888886,78.58333333333333,130.97222222222223,23.916666666666668,14.805555555555555,14.805555555555555,7.972222222222222,63.77777777777778,54.666666666666664,2.0869565217391304,0.9130434782608695,0.5652173913043478,0.5652173913043478,0,1,0,0,0.0
159,2021,Dewayne Dedmon,C,31,MIA,18.22222222222222,0.0,239.16666666666666,24.5,0.735,0.077,0.415,15.5,31.0,23.4,9.6,2.1,3.0,14.5,19.3,0.7972222222222222,0.4555555555555556,1.2527777777777778,0.256,1.2,0.7,1.9,0.2277777777777778,52.388888888888886,74.02777777777777,0.708,1.1388888888888888,5.694444444444445,0.2,51.25,68.33333333333333,0.75,0.715,22.77777777777778,30.75,0.741,31.88888888888889,66.05555555555556,97.94444444444444,13.666666666666666,10.25,6.833333333333333,14.805555555555555,41.0,128.69444444444446,7.0625,0.75,0.375,0.5625,0,1,0,0,0.0
166,2021,Gorgui Dieng,C,31,TOT,43.27777777777778,1.1388888888888888,628.6666666666666,19.2,0.67,0.429,0.411,7.6,19.5,13.5,12.0,2.3,2.6,14.3,17.4,1.4805555555555556,0.9111111111111112,2.391666666666667,0.185,1.6,1.3,3.0,0.7972222222222222,96.80555555555556,185.63888888888889,0.521,34.166666666666664,79.72222222222223,0.429,62.638888888888886,105.91666666666667,0.591,0.613,66.05555555555556,76.30555555555556,0.866,45.55555555555556,113.88888888888889,159.44444444444446,54.666666666666664,29.61111111111111,18.22222222222222,36.44444444444444,63.77777777777778,293.8333333333333,6.7894736842105265,1.263157894736842,0.42105263157894735,0.6842105263157895,1,1,0,0,0.0
178,2021,Andre Drummond,C,27,TOT,52.388888888888886,52.388888888888886,1414.5,19.4,0.519,0.014,0.358,14.8,35.2,24.9,13.2,2.5,3.5,15.8,27.6,-0.6833333333333332,2.8472222222222223,2.2777777777777777,0.077,-1.4,0.6,-0.9,0.3416666666666666,321.1666666666667,651.4444444444445,0.493,0.0,9.11111111111111,0.0,321.1666666666667,642.3333333333334,0.5,0.493,140.08333333333334,233.47222222222223,0.6,189.05555555555554,438.47222222222223,627.5277777777778,107.05555555555556,71.75,55.80555555555556,141.22222222222223,169.69444444444446,782.4166666666666,14.934782608695652,2.0434782608695654,1.065217391304348,1.3695652173913044,1,1,0,0,0.0
189,2021,Joel Embiid,C,26,PHI,58.083333333333336,58.083333333333336,1805.138888888889,30.3,0.636,0.171,0.61,8.0,29.1,18.7,16.2,1.5,3.9,12.2,35.3,6.377777777777777,3.644444444444445,10.022222222222222,0.266,6.2,1.0,7.2,4.2138888888888895,525.0277777777778,1023.8611111111111,0.513,66.05555555555556,175.38888888888889,0.377,458.97222222222223,848.4722222222222,0.541,0.545,536.4166666666666,624.1111111111111,0.859,128.69444444444446,485.1666666666667,613.8611111111111,165.13888888888889,56.94444444444444,78.58333333333333,181.08333333333334,140.08333333333334,1652.5277777777778,28.45098039215686,2.843137254901961,1.3529411764705883,0.9803921568627451,0,1,0,0,0.0
191,2021,Drew Eubanks,C,23,SAS,61.5,3.4166666666666665,859.8611111111111,17.9,0.618,0.01,0.517,10.2,24.0,17.0,7.9,1.2,5.5,15.2,17.1,1.3666666666666665,1.2527777777777778,2.6194444444444445,0.145,-1.1,1.2,0.0,0.4555555555555556,132.11111111111111,233.47222222222223,0.566,2.2777777777777777,2.2777777777777777,1.0,129.83333333333334,231.19444444444446,0.562,0.571,87.69444444444444,120.72222222222223,0.726,84.27777777777777,190.19444444444446,274.47222222222223,47.833333333333336,20.5,55.80555555555556,51.25,100.22222222222223,354.19444444444446,5.7592592592592595,0.7777777777777778,0.9074074074074074,0.3333333333333333,0,1,0,0,0.0
193,2021,Tacko Fall,C,25,BOS,21.63888888888889,0.0,154.88888888888889,19.6,0.66,0.0,0.517,13.0,29.7,21.3,3.1,0.4,13.7,14.4,13.2,0.2277777777777778,0.3416666666666666,0.5694444444444444,0.177,-1.5,2.6,1.1,0.1138888888888889,23.916666666666668,33.02777777777778,0.724,0.0,0.0,,23.916666666666668,33.02777777777778,0.724,0.724,5.694444444444445,17.083333333333332,0.333,18.22222222222222,41.0,59.22222222222222,3.4166666666666665,1.1388888888888888,22.77777777777778,6.833333333333333,25.055555555555557,53.52777777777778,2.473684210526316,0.15789473684210525,1.0526315789473684,0.05263157894736842,0,1,0,0,0.0
194,2021,Derrick Favors,C,29,UTA,77.44444444444444,0.0,1183.3055555555557,19.7,0.663,0.008,0.329,14.7,23.3,19.2,6.0,1.5,5.3,11.5,13.0,3.3027777777777776,2.5055555555555555,5.808333333333334,0.237,0.2,1.8,2.0,1.1388888888888888,176.52777777777777,276.75,0.638,0.0,2.2777777777777777,0.0,176.52777777777777,274.47222222222223,0.643,0.638,67.19444444444444,91.11111111111111,0.738,157.16666666666666,271.05555555555554,428.22222222222223,50.111111111111114,36.44444444444444,77.44444444444444,41.0,162.86111111111111,420.25,5.426470588235294,0.6470588235294118,1.0,0.47058823529411764,0,1,0,0,0.0
195,2021,Cristiano Felício,C,28,CHI,20.5,0.0,95.66666666666667,14.7,0.574,0.154,1.231,13.3,20.9,17.2,13.6,2.3,0.0,16.6,12.4,0.2277777777777778,0.1138888888888889,0.3416666666666666,0.151,-1.0,0.7,-0.3,0.0,7.972222222222222,14.805555555555555,0.538,0.0,2.2777777777777777,0.0,7.972222222222222,12.527777777777779,0.636,0.538,10.25,18.22222222222222,0.563,11.38888888888889,18.22222222222222,29.61111111111111,10.25,4.555555555555555,0.0,4.555555555555555,11.38888888888889,26.194444444444443,1.2777777777777777,0.5,0.0,0.2222222222222222,0,1,0,0,0.0
197,2021,Bruno Fernando,C,22,ATL,37.583333333333336,0.0,257.3888888888889,6.2,0.475,0.045,0.5,7.9,29.4,18.9,5.8,0.9,1.2,28.1,14.4,-0.3416666666666666,0.3416666666666666,-0.1138888888888889,-0.019,-6.0,-1.0,-7.0,-0.3416666666666666,20.5,50.111111111111114,0.409,0.0,2.2777777777777777,0.0,20.5,47.833333333333336,0.429,0.409,17.083333333333332,25.055555555555557,0.682,18.22222222222222,70.61111111111111,88.83333333333333,11.38888888888889,4.555555555555555,3.4166666666666665,23.916666666666668,26.194444444444443,58.083333333333336,1.5454545454545454,0.30303030303030304,0.09090909090909091,0.12121212121212122,0,1,0,0,0.0
214,2021,Daniel Gafford,PF-C,22,TOT,61.5,12.527777777777779,900.8611111111111,22.2,0.697,0.0,0.48,12.9,18.6,15.8,5.3,1.5,8.1,13.1,16.7,2.391666666666667,1.4805555555555556,3.986111111111111,0.209,0.9,1.6,2.5,1.025,175.38888888888889,256.25,0.684,0.0,0.0,,175.38888888888889,256.25,0.684,0.684,82.0,123.0,0.667,107.05555555555556,156.02777777777777,263.0833333333333,33.02777777777778,29.61111111111111,85.41666666666667,46.69444444444444,111.61111111111111,432.77777777777777,7.037037037037037,0.5370370370370371,1.3888888888888888,0.48148148148148145,1,1,0,1,0.0
220,2021,Marc Gasol,C,36,LAL,59.22222222222222,47.833333333333336,1130.9166666666667,12.2,0.606,0.629,0.258,4.3,19.9,12.2,14.7,1.3,5.2,19.7,11.8,0.9111111111111112,2.1638888888888888,3.1888888888888887,0.133,-1.2,3.3,2.1,1.1388888888888888,100.22222222222223,220.94444444444446,0.454,56.94444444444444,138.94444444444446,0.41,43.27777777777778,82.0,0.528,0.582,41.0,56.94444444444444,0.72,43.27777777777778,201.58333333333334,244.86111111111111,124.13888888888889,29.61111111111111,66.05555555555556,60.361111111111114,130.97222222222223,298.3888888888889,5.038461538461538,2.0961538461538463,1.1153846153846154,0.5,0,1,0,0,0.0
224,2021,Harry Giles,C,22,POR,43.27777777777778,0.0,396.3333333333333,12.4,0.496,0.237,0.278,9.3,32.2,20.4,11.3,1.1,3.3,15.5,15.9,0.1138888888888889,0.4555555555555556,0.5694444444444444,0.069,-3.4,-0.2,-3.6,-0.1138888888888889,47.833333333333336,110.47222222222223,0.433,9.11111111111111,26.194444444444443,0.348,38.72222222222222,84.27777777777777,0.459,0.474,18.22222222222222,30.75,0.593,35.30555555555556,116.16666666666667,151.47222222222223,33.02777777777778,9.11111111111111,14.805555555555555,22.77777777777778,61.5,123.0,2.8421052631578947,0.7631578947368421,0.34210526315789475,0.21052631578947367,0,1,0,0,0.0
228,2021,Rudy Gobert,C,28,UTA,80.86111111111111,80.86111111111111,2490.75,23.5,0.683,0.007,0.646,12.2,33.5,23.3,6.0,0.9,7.0,13.7,17.0,6.947222222222222,5.9222222222222225,12.869444444444445,0.248,2.0,2.5,4.5,4.1,445.30555555555554,659.4166666666666,0.675,0.0,4.555555555555555,0.0,445.30555555555554,654.8611111111111,0.68,0.675,265.3611111111111,425.94444444444446,0.623,273.3333333333333,820.0,1093.3333333333333,101.36111111111111,45.55555555555556,216.38888888888889,134.38888888888889,185.63888888888889,1155.9722222222222,14.295774647887324,1.2535211267605635,2.676056338028169,0.5633802816901409,0,1,0,0,1.0
242,2021,Jeff Green,C,34,BRK,77.44444444444444,43.27777777777778,2089.8611111111113,13.0,0.624,0.472,0.304,2.2,13.1,7.9,7.8,0.9,1.3,8.2,15.6,3.3027777777777776,1.3666666666666665,4.669444444444444,0.107,0.0,-1.0,-1.0,0.5694444444444444,297.25,603.6111111111111,0.492,117.30555555555556,284.72222222222223,0.412,179.94444444444446,318.8888888888889,0.564,0.59,142.36111111111111,183.36111111111111,0.776,38.72222222222222,260.80555555555554,299.52777777777777,123.0,41.0,30.75,61.5,138.94444444444446,854.1666666666666,11.029411764705882,1.588235294117647,0.39705882352941174,0.5294117647058824,0,1,0,0,0.0
264,2021,Montrezl Harrell,C,27,LAL,78.58333333333333,1.1388888888888888,1799.4444444444443,22.7,0.65,0.017,0.425,11.3,19.1,15.2,7.7,1.4,2.8,9.4,21.7,5.125,3.075,8.31388888888889,0.221,2.4,0.3,2.7,2.1638888888888888,427.0833333333333,686.75,0.622,0.0,11.38888888888889,0.0,427.0833333333333,675.3611111111111,0.632,0.622,206.13888888888889,291.55555555555554,0.707,179.94444444444446,307.5,487.44444444444446,83.13888888888889,52.388888888888886,55.80555555555556,84.27777777777777,145.77777777777777,1060.3055555555557,13.492753623188406,1.0579710144927537,0.7101449275362319,0.6666666666666666,0,1,0,0,0.0
275,2021,Isaiah Hartenstein,C,22,TOT,52.388888888888886,2.2777777777777777,636.6388888888889,17.9,0.583,0.035,0.415,13.0,23.7,18.2,15.3,1.7,6.5,17.9,19.2,0.7972222222222222,1.025,1.8222222222222224,0.134,-2.5,1.1,-1.4,0.1138888888888889,107.05555555555556,194.75,0.55,2.2777777777777777,6.833333333333333,0.333,104.77777777777777,187.91666666666666,0.558,0.556,52.388888888888886,80.86111111111111,0.648,74.02777777777777,132.11111111111111,206.13888888888889,62.638888888888886,21.63888888888889,44.416666666666664,50.111111111111114,118.44444444444444,268.77777777777777,5.130434782608695,1.1956521739130435,0.8478260869565217,0.41304347826086957,1,1,0,0,0.0
278,2021,Udonis Haslem,C,40,MIA,1.1388888888888888,0.0,3.4166666666666665,54.6,1.0,0.0,0.0,0.0,37.5,19.1,0.0,0.0,0.0,0.0,30.1,0.0,0.0,0.0,0.475,24.1,7.0,31.1,0.0,2.2777777777777777,2.2777777777777777,1.0,0.0,0.0,,2.2777777777777777,2.2777777777777777,1.0,1.0,0.0,0.0,,0.0,1.1388888888888888,1.1388888888888888,0.0,0.0,0.0,0.0,0.0,4.555555555555555,4.0,0.0,0.0,0.0,0,1,0,0,0.0
279,2021,Jaxson Hayes,C,20,NOP,68.33333333333333,3.4166666666666665,1097.888888888889,19.1,0.675,0.05,0.429,10.4,18.6,14.5,5.2,1.2,3.7,10.5,16.2,2.9611111111111112,1.1388888888888888,3.986111111111111,0.176,0.6,-0.1,0.5,0.6833333333333332,199.30555555555554,318.8888888888889,0.625,6.833333333333333,15.944444444444445,0.429,192.47222222222223,302.94444444444446,0.635,0.636,105.91666666666667,136.66666666666666,0.775,104.77777777777777,187.91666666666666,292.69444444444446,39.861111111111114,28.47222222222222,43.27777777777778,44.416666666666664,115.02777777777777,511.3611111111111,7.483333333333333,0.5833333333333334,0.6333333333333333,0.4166666666666667,0,1,0,0,0.0
283,2021,Willy Hernangómez,C,26,NOP,53.52777777777778,13.666666666666666,963.5,19.6,0.591,0.037,0.347,15.0,27.8,21.4,8.5,1.2,2.6,9.9,17.0,2.1638888888888888,1.1388888888888888,3.3027777777777776,0.163,1.1,-1.1,-0.1,0.4555555555555556,171.97222222222223,305.22222222222223,0.563,1.1388888888888888,11.38888888888889,0.1,170.83333333333334,293.8333333333333,0.581,0.565,70.61111111111111,105.91666666666667,0.667,133.25,247.13888888888889,380.3888888888889,56.94444444444444,25.055555555555557,26.194444444444443,38.72222222222222,77.44444444444444,415.69444444444446,7.76595744680851,1.0638297872340425,0.48936170212765956,0.46808510638297873,0,1,0,0,0.0
296,2021,Richaun Holmes,C,27,SAC,69.47222222222223,69.47222222222223,2029.5,20.2,0.669,0.019,0.296,8.8,22.7,15.7,8.3,1.1,4.6,10.3,17.5,5.352777777777778,1.5944444444444443,6.947222222222222,0.165,0.6,-0.3,0.3,1.1388888888888888,416.8333333333333,654.8611111111111,0.637,2.2777777777777777,12.527777777777779,0.182,414.55555555555554,642.3333333333334,0.645,0.638,153.75,193.61111111111111,0.794,164.0,410.0,574.0,115.02777777777777,44.416666666666664,109.33333333333333,85.41666666666667,242.58333333333334,989.6944444444445,14.245901639344263,1.6557377049180328,1.5737704918032787,0.639344262295082,0,1,0,0,0.0
300,2021,Al Horford,C,34,OKC,31.88888888888889,31.88888888888889,890.6111111111111,17.4,0.538,0.422,0.061,3.8,21.4,12.5,20.1,1.5,2.9,7.3,21.6,0.9111111111111112,1.025,1.8222222222222224,0.101,1.9,1.4,3.3,1.1388888888888888,184.5,410.0,0.45,63.77777777777778,173.11111111111111,0.368,120.72222222222223,236.88888888888889,0.51,0.528,20.5,25.055555555555557,0.818,33.02777777777778,181.08333333333334,214.11111111111111,107.05555555555556,28.47222222222222,29.61111111111111,33.02777777777778,54.666666666666664,453.27777777777777,14.214285714285714,3.357142857142857,0.9285714285714286,0.8928571428571429,0,1,0,0,0.0
303,2021,Dwight Howard,C,35,PHI,78.58333333333333,6.833333333333333,1362.111111111111,17.8,0.61,0.066,0.693,17.8,35.3,26.7,7.2,1.2,4.7,22.1,18.2,1.4805555555555556,2.9611111111111112,4.555555555555555,0.159,-2.2,0.3,-1.9,0.0,202.72222222222223,345.0833333333333,0.587,5.694444444444445,22.77777777777778,0.25,197.02777777777777,322.30555555555554,0.611,0.596,137.80555555555554,239.16666666666666,0.576,216.38888888888889,444.1666666666667,660.5555555555555,69.47222222222223,34.166666666666664,70.61111111111111,127.55555555555556,227.77777777777777,548.9444444444445,6.9855072463768115,0.8840579710144928,0.8985507246376812,0.43478260869565216,0,1,0,0,0.0
311,2021,Serge Ibaka,C,31,LAC,46.69444444444444,44.416666666666664,1087.638888888889,18.2,0.585,0.315,0.145,8.9,23.1,16.2,11.5,0.5,4.4,10.2,20.1,1.9361111111111111,1.4805555555555556,3.4166666666666665,0.15,1.3,-0.5,0.8,0.7972222222222222,211.83333333333334,415.69444444444446,0.51,44.416666666666664,130.97222222222223,0.339,167.41666666666666,284.72222222222223,0.588,0.563,48.97222222222222,60.361111111111114,0.811,83.13888888888889,230.05555555555554,313.19444444444446,84.27777777777777,10.25,53.52777777777778,50.111111111111114,86.55555555555556,517.0555555555555,11.073170731707316,1.8048780487804879,1.146341463414634,0.21951219512195122,0,1,0,0,0.0
321,2021,Jaren Jackson Jr.,C,21,MEM,12.527777777777779,4.555555555555555,293.8333333333333,18.0,0.551,0.48,0.336,6.9,18.7,12.7,6.8,2.2,6.3,9.5,25.9,0.2277777777777778,0.5694444444444444,0.7972222222222222,0.123,-0.7,0.6,-0.1,0.1138888888888889,60.361111111111114,142.36111111111111,0.424,19.36111111111111,68.33333333333333,0.283,41.0,74.02777777777777,0.554,0.492,39.861111111111114,47.833333333333336,0.833,19.36111111111111,51.25,70.61111111111111,13.666666666666666,13.666666666666666,20.5,17.083333333333332,47.833333333333336,179.94444444444446,14.363636363636363,1.0909090909090908,1.6363636363636365,1.0909090909090908,0,1,0,0,0.0
343,2021,Nikola Jokić,C,25,DEN,82.0,82.0,2833.5555555555557,31.3,0.647,0.183,0.305,9.4,26.1,17.8,40.4,1.9,1.9,13.1,29.6,13.894444444444444,3.8722222222222222,17.766666666666666,0.301,9.2,2.5,11.7,9.794444444444444,833.6666666666666,1472.5833333333333,0.566,104.77777777777777,269.9166666666667,0.388,728.8888888888889,1202.6666666666667,0.606,0.602,389.5,448.72222222222223,0.868,233.47222222222223,654.8611111111111,888.3333333333334,682.1944444444445,108.19444444444444,54.666666666666664,252.83333333333334,218.66666666666666,2161.6111111111113,26.36111111111111,8.319444444444445,0.6666666666666666,1.3194444444444444,0,1,0,0,1.0
344,2021,Damian Jones,C,25,TOT,44.416666666666664,11.38888888888889,622.9722222222222,14.6,0.712,0.049,0.563,7.3,17.4,12.3,7.0,1.0,4.6,16.8,12.3,1.1388888888888888,0.5694444444444444,1.8222222222222224,0.138,-2.2,0.9,-1.4,0.1138888888888889,79.72222222222223,117.30555555555556,0.68,1.1388888888888888,5.694444444444445,0.2,78.58333333333333,111.61111111111111,0.704,0.684,47.833333333333336,66.05555555555556,0.724,41.0,96.80555555555556,137.80555555555554,33.02777777777778,12.527777777777779,33.02777777777778,29.61111111111111,87.69444444444444,208.41666666666666,4.6923076923076925,0.7435897435897436,0.7435897435897436,0.28205128205128205,1,1,0,0,0.0
354,2021,DeAndre Jordan,C,32,BRK,64.91666666666667,48.97222222222222,1419.0555555555557,17.1,0.736,0.004,0.369,10.9,26.1,18.9,10.1,0.7,4.6,22.7,13.1,2.733333333333333,1.7083333333333333,4.441666666666666,0.152,0.0,0.7,0.7,0.9111111111111112,216.38888888888889,283.5833333333333,0.763,0.0,1.1388888888888888,0.0,216.38888888888889,282.44444444444446,0.766,0.763,52.388888888888886,104.77777777777777,0.5,133.25,353.05555555555554,486.30555555555554,105.91666666666667,19.36111111111111,74.02777777777777,96.80555555555556,132.11111111111111,485.1666666666667,7.473684210526316,1.631578947368421,1.1403508771929824,0.2982456140350877,0,1,0,0,0.0
361,2021,Frank Kaminsky,C,27,PHO,53.52777777777778,14.805555555555555,814.3055555555555,15.8,0.547,0.331,0.233,5.8,23.7,14.9,15.3,1.0,2.1,7.2,19.0,1.2527777777777778,1.025,2.2777777777777777,0.133,0.3,0.8,1.1,0.6833333333333332,137.80555555555554,292.69444444444446,0.471,35.30555555555556,96.80555555555556,0.365,102.5,195.88888888888889,0.523,0.531,42.138888888888886,68.33333333333333,0.617,41.0,173.11111111111111,214.11111111111111,89.97222222222223,15.944444444444445,19.36111111111111,25.055555555555557,79.72222222222223,353.05555555555554,6.595744680851064,1.6808510638297873,0.3617021276595745,0.2978723404255319,0,1,0,0,0.0
362,2021,Enes Kanter,C,28,POR,82.0,39.861111111111114,2002.1666666666667,22.4,0.636,0.007,0.292,16.8,31.9,24.2,7.2,0.9,2.4,11.0,17.4,6.491666666666667,1.9361111111111111,8.541666666666666,0.204,2.0,-1.8,0.2,1.1388888888888888,386.0833333333333,638.9166666666666,0.604,1.1388888888888888,4.555555555555555,0.25,384.94444444444446,634.3611111111111,0.607,0.605,144.63888888888889,186.77777777777777,0.774,323.44444444444446,581.9722222222222,905.4166666666666,95.66666666666667,37.583333333333336,54.666666666666664,88.83333333333333,191.33333333333334,917.9444444444445,11.194444444444445,1.1666666666666667,0.6666666666666666,0.4583333333333333,0,1,0,0,0.0
370,2021,Luke Kornet,C-PF,25,TOT,35.30555555555556,2.2777777777777777,396.3333333333333,13.3,0.511,0.584,0.059,4.4,17.0,10.7,9.5,0.6,8.5,6.3,13.7,0.2277777777777778,0.5694444444444444,0.7972222222222222,0.095,-0.7,1.3,0.6,0.2277777777777778,50.111111111111114,115.02777777777777,0.436,17.083333333333332,67.19444444444444,0.254,33.02777777777778,47.833333333333336,0.69,0.51,3.4166666666666665,6.833333333333333,0.5,15.944444444444445,60.361111111111114,76.30555555555556,27.333333333333332,4.555555555555555,36.44444444444444,7.972222222222222,22.77777777777778,120.72222222222223,3.4193548387096775,0.7741935483870968,1.032258064516129,0.12903225806451613,1,1,0,1,0.0
387,2021,Alex Len,C,27,TOT,72.88888888888889,47.833333333333336,1114.9722222222222,16.4,0.643,0.09,0.417,8.5,19.7,14.1,7.0,0.9,5.6,14.3,16.3,1.7083333333333333,1.4805555555555556,3.075,0.133,-1.2,0.6,-0.6,0.3416666666666666,194.75,316.6111111111111,0.615,9.11111111111111,28.47222222222222,0.32,185.63888888888889,288.1388888888889,0.644,0.629,83.13888888888889,132.11111111111111,0.629,88.83333333333333,207.27777777777777,296.1111111111111,55.80555555555556,22.77777777777778,72.88888888888889,62.638888888888886,144.63888888888889,481.75,6.609375,0.765625,1.0,0.3125,1,1,0,0,0.0
391,2021,Meyers Leonard,C,28,MIA,3.4166666666666665,2.2777777777777777,33.02777777777778,6.6,0.635,1.0,0.286,0.0,27.1,13.8,9.7,0.0,0.0,20.2,15.4,0.0,0.0,0.0,0.038,-3.5,-0.9,-4.4,0.0,3.4166666666666665,7.972222222222222,0.429,3.4166666666666665,7.972222222222222,0.429,0.0,0.0,,0.643,1.1388888888888888,2.2777777777777777,0.5,0.0,7.972222222222222,7.972222222222222,2.2777777777777777,0.0,0.0,2.2777777777777777,5.694444444444445,11.38888888888889,3.3333333333333335,0.6666666666666666,0.0,0.0,0,1,0,0,0.0
398,2021,Kevon Looney,C,24,GSW,69.47222222222223,38.72222222222222,1322.25,11.9,0.575,0.086,0.244,10.9,18.6,14.8,13.4,0.8,1.7,14.5,9.4,2.2777777777777777,1.5944444444444443,3.8722222222222222,0.139,-1.9,0.5,-1.5,0.2277777777777778,123.0,224.36111111111111,0.548,4.555555555555555,19.36111111111111,0.235,118.44444444444444,205.0,0.578,0.558,35.30555555555556,54.666666666666664,0.646,133.25,233.47222222222223,366.72222222222223,135.52777777777777,23.916666666666668,25.055555555555557,42.138888888888886,154.88888888888889,285.8611111111111,4.114754098360656,1.9508196721311475,0.36065573770491804,0.3442622950819672,0,1,0,0,0.0
399,2021,Brook Lopez,C,32,MIL,79.72222222222223,79.72222222222223,2166.1666666666665,15.4,0.611,0.439,0.222,6.0,13.0,9.6,3.5,1.0,4.8,8.3,16.9,3.530555555555556,2.5055555555555555,6.0361111111111105,0.133,0.1,-0.1,0.0,1.1388888888888888,366.72222222222223,728.8888888888889,0.503,108.19444444444444,320.02777777777777,0.338,258.52777777777777,408.8611111111111,0.632,0.577,136.66666666666666,161.72222222222223,0.845,118.44444444444444,276.75,395.19444444444446,56.94444444444444,45.55555555555556,117.30555555555556,72.88888888888889,169.69444444444446,978.3055555555555,12.271428571428572,0.7142857142857143,1.4714285714285715,0.5714285714285714,0,1,0,0,0.0
400,2021,Robin Lopez,C,32,WAS,80.86111111111111,10.25,1542.0555555555557,16.7,0.661,0.042,0.322,11.1,10.2,10.6,5.9,0.5,2.7,13.4,17.1,3.1888888888888887,1.025,4.2138888888888895,0.131,0.3,-1.4,-1.1,0.3416666666666666,306.3611111111111,484.02777777777777,0.633,5.694444444444445,20.5,0.278,300.6666666666667,463.52777777777777,0.649,0.639,112.75,156.02777777777777,0.723,160.58333333333334,149.19444444444446,309.77777777777777,62.638888888888886,17.083333333333332,50.111111111111114,85.41666666666667,124.13888888888889,731.1666666666666,9.04225352112676,0.7746478873239436,0.6197183098591549,0.2112676056338028,0,1,0,0,0.0
406,2021,Will Magnay,C,22,NOP,1.1388888888888888,0.0,3.4166666666666665,-35.1,0.0,1.0,0.0,0.0,0.0,0.0,0.0,0.0,0.0,50.0,28.0,0.0,0.0,0.0,-0.787,-30.7,-8.9,-39.6,0.0,0.0,1.1388888888888888,0.0,0.0,1.1388888888888888,0.0,0.0,0.0,,0.0,0.0,0.0,,0.0,0.0,0.0,0.0,0.0,0.0,1.1388888888888888,1.1388888888888888,0.0,0.0,0.0,0.0,0.0,0,1,0,0,0.0
407,2021,Thon Maker,C,23,CLE,9.11111111111111,0.0,86.55555555555556,18.6,0.657,0.111,0.611,11.5,15.1,13.3,7.9,1.3,4.7,11.6,14.8,0.2277777777777778,0.1138888888888889,0.3416666666666666,0.174,0.3,1.2,1.5,0.1138888888888889,11.38888888888889,20.5,0.556,0.0,2.2777777777777777,0.0,11.38888888888889,18.22222222222222,0.625,0.556,11.38888888888889,12.527777777777779,0.909,9.11111111111111,11.38888888888889,20.5,4.555555555555555,2.2777777777777777,4.555555555555555,3.4166666666666665,7.972222222222222,34.166666666666664,3.75,0.5,0.5,0.25,0,1,0,0,0.0
412,2021,Boban Marjanović,C,32,DAL,37.583333333333336,3.4166666666666665,308.6388888888889,22.6,0.562,0.066,0.311,19.3,32.7,26.0,5.9,0.4,2.1,8.0,24.6,0.7972222222222222,0.3416666666666666,1.1388888888888888,0.183,1.6,-2.7,-1.1,0.1138888888888889,70.61111111111111,138.94444444444446,0.508,1.1388888888888888,9.11111111111111,0.125,69.47222222222223,129.83333333333334,0.535,0.512,35.30555555555556,43.27777777777778,0.816,53.52777777777778,92.25,145.77777777777777,11.38888888888889,2.2777777777777777,6.833333333333333,13.666666666666666,33.02777777777778,177.66666666666666,4.7272727272727275,0.30303030303030304,0.18181818181818182,0.06060606060606061,0,1,0,0,0.0
433,2021,JaVale McGee,C,33,TOT,52.388888888888886,2.2777777777777777,772.1666666666666,17.0,0.541,0.085,0.238,12.6,27.3,19.8,9.7,1.4,7.3,16.2,23.9,-0.1138888888888889,1.2527777777777778,1.1388888888888888,0.068,-3.2,1.0,-2.1,0.0,164.0,321.1666666666667,0.511,5.694444444444445,27.333333333333332,0.208,158.30555555555554,293.8333333333333,0.539,0.52,50.111111111111114,76.30555555555556,0.657,87.69444444444444,184.5,272.19444444444446,44.416666666666664,21.63888888888889,61.5,68.33333333333333,137.80555555555554,383.80555555555554,7.326086956521739,0.8478260869565217,1.173913043478261,0.41304347826086957,1,1,0,0,0.0
447,2021,Chimezie Metu,C,23,SAC,41.0,6.833333333333333,555.7777777777778,14.5,0.571,0.207,0.24,7.0,18.7,12.7,8.2,1.4,3.1,12.8,20.0,0.3416666666666666,0.3416666666666666,0.6833333333333332,0.061,-2.3,-1.7,-3.9,-0.2277777777777778,103.63888888888889,203.86111111111111,0.508,14.805555555555555,42.138888888888886,0.351,88.83333333333333,161.72222222222223,0.549,0.545,35.30555555555556,48.97222222222222,0.721,35.30555555555556,92.25,127.55555555555556,31.88888888888889,15.944444444444445,20.5,33.02777777777778,67.19444444444444,257.3888888888889,6.277777777777778,0.7777777777777778,0.5,0.3888888888888889,0,1,0,0,0.0
465,2021,Mike Muscala,C,29,OKC,39.861111111111114,0.0,734.5833333333334,14.7,0.599,0.689,0.135,3.0,18.4,10.6,7.0,0.6,1.5,6.9,20.0,1.025,0.4555555555555556,1.4805555555555556,0.096,0.8,-1.2,-0.3,0.3416666666666666,135.52777777777777,304.0833333333333,0.446,77.44444444444444,209.55555555555554,0.37,58.083333333333336,94.52777777777777,0.614,0.573,37.583333333333336,41.0,0.917,21.63888888888889,128.69444444444446,150.33333333333334,31.88888888888889,9.11111111111111,12.527777777777779,23.916666666666668,61.5,386.0833333333333,9.685714285714285,0.8,0.3142857142857143,0.22857142857142856,0,1,0,0,0.0
475,2021,Nerlens Noel,C,26,NYK,72.88888888888889,46.69444444444444,1761.861111111111,14.8,0.638,0.013,0.314,10.1,18.4,14.3,4.1,2.3,8.7,20.4,9.2,1.8222222222222224,4.1,5.9222222222222225,0.162,-2.5,3.5,1.0,1.3666666666666665,156.02777777777777,253.97222222222223,0.614,0.0,3.4166666666666665,0.0,156.02777777777777,250.55555555555554,0.623,0.614,56.94444444444444,79.72222222222223,0.714,161.72222222222223,302.94444444444446,464.6666666666667,52.388888888888886,79.72222222222223,160.58333333333334,74.02777777777777,200.44444444444446,369.0,5.0625,0.71875,2.203125,1.09375,0,1,0,0,0.0
480,2021,Jusuf Nurkić,C,26,POR,42.138888888888886,42.138888888888886,1002.2222222222222,20.5,0.554,0.09,0.339,10.2,30.7,20.2,21.4,2.1,4.0,16.0,22.3,1.3666666666666665,1.3666666666666665,2.733333333333333,0.133,0.3,1.7,2.0,1.025,194.75,379.25,0.514,13.666666666666666,34.166666666666664,0.4,181.08333333333334,345.0833333333333,0.525,0.532,79.72222222222223,128.69444444444446,0.619,97.94444444444444,280.1666666666667,378.1111111111111,142.36111111111111,43.27777777777778,44.416666666666664,83.13888888888889,117.30555555555556,482.8888888888889,11.45945945945946,3.3783783783783785,1.054054054054054,1.027027027027027,0,1,0,0,0.0
485,2021,Jahlil Okafor,C,25,DET,30.75,2.2777777777777777,395.19444444444446,13.1,0.644,0.088,0.235,7.3,13.9,10.6,6.1,0.8,1.3,15.7,16.8,0.3416666666666666,0.3416666666666666,0.6833333333333332,0.082,-2.4,-1.1,-3.5,-0.1138888888888889,71.75,116.16666666666667,0.618,2.2777777777777777,10.25,0.222,69.47222222222223,105.91666666666667,0.656,0.627,19.36111111111111,27.333333333333332,0.708,26.194444444444443,48.97222222222222,75.16666666666667,14.805555555555555,6.833333333333333,5.694444444444445,23.916666666666668,44.416666666666664,165.13888888888889,5.37037037037037,0.48148148148148145,0.18518518518518517,0.2222222222222222,0,1,0,0,0.0
488,2021,Onyeka Okongwu,C,20,ATL,56.94444444444444,4.555555555555555,684.4722222222222,16.8,0.655,0.02,0.383,11.5,18.0,14.9,4.4,1.9,4.8,14.3,14.7,1.2527777777777778,0.9111111111111112,2.1638888888888888,0.155,-2.2,0.9,-1.3,0.1138888888888889,109.33333333333333,169.69444444444446,0.644,0.0,3.4166666666666665,0.0,109.33333333333333,166.27777777777777,0.658,0.644,41.0,64.91666666666667,0.632,70.61111111111111,115.02777777777777,185.63888888888889,20.5,26.194444444444443,37.583333333333336,33.02777777777778,113.88888888888889,259.6666666666667,4.56,0.36,0.66,0.46,0,1,0,0,0.0
496,2021,Kelly Olynyk,C-PF,29,TOT,79.72222222222223,70.61111111111111,2274.3611111111113,16.4,0.61,0.528,0.251,4.8,22.5,13.6,16.0,1.9,2.1,14.0,19.7,2.8472222222222223,2.9611111111111112,5.808333333333334,0.121,0.2,0.9,1.1,1.8222222222222224,383.80555555555554,793.8055555555555,0.484,143.5,419.1111111111111,0.342,240.30555555555554,374.69444444444446,0.641,0.574,165.13888888888889,199.30555555555554,0.829,99.08333333333333,457.8333333333333,556.9166666666666,231.19444444444446,89.97222222222223,47.833333333333336,143.5,235.75,1076.25,13.5,2.9,0.6,1.1285714285714286,1,1,0,1,0.0
501,2021,Daniel Oturu,C,21,LAC,34.166666666666664,0.0,183.36111111111111,12.5,0.471,0.096,0.231,15.1,18.3,16.8,8.5,1.2,3.9,13.6,18.2,0.0,0.2277777777777778,0.3416666666666666,0.081,-4.0,-1.6,-5.6,-0.1138888888888889,25.055555555555557,59.22222222222222,0.423,1.1388888888888888,5.694444444444445,0.2,23.916666666666668,53.52777777777778,0.447,0.433,10.25,13.666666666666666,0.75,23.916666666666668,30.75,54.666666666666664,11.38888888888889,4.555555555555555,7.972222222222222,10.25,27.333333333333332,61.5,1.8,0.3333333333333333,0.23333333333333334,0.13333333333333333,0,1,0,0,0.0
507,2021,Anžejs Pasečņiks,C,25,WAS,1.1388888888888888,0.0,6.833333333333333,-40.6,0.0,1.0,0.0,17.7,0.0,8.8,18.7,0.0,0.0,83.3,41.4,-0.1138888888888889,0.0,-0.1138888888888889,-1.113,-40.1,-7.1,-47.1,-0.1138888888888889,0.0,1.1388888888888888,0.0,0.0,1.1388888888888888,0.0,0.0,0.0,,0.0,0.0,0.0,,1.1388888888888888,0.0,1.1388888888888888,1.1388888888888888,0.0,0.0,5.694444444444445,2.2777777777777777,0.0,0.0,1.0,0.0,0.0,0,1,0,0,0.0
509,2021,Justin Patton,C,23,HOU,14.805555555555555,6.833333333333333,281.30555555555554,11.6,0.488,0.486,0.057,5.8,15.8,10.6,8.1,2.3,5.1,5.3,13.0,0.1138888888888889,0.3416666666666666,0.4555555555555556,0.076,-3.8,1.7,-2.0,0.0,33.02777777777778,79.72222222222223,0.414,10.25,38.72222222222222,0.265,22.77777777777778,41.0,0.556,0.479,3.4166666666666665,4.555555555555555,0.75,15.944444444444445,39.861111111111114,55.80555555555556,15.944444444444445,13.666666666666666,15.944444444444445,4.555555555555555,38.72222222222222,79.72222222222223,5.384615384615385,1.0769230769230769,1.0769230769230769,0.9230769230769231,0,1,0,0,0.0
514,2021,Norvel Pelle,C,27,TOT,14.805555555555555,0.0,95.66666666666667,11.6,0.567,0.0,0.4,8.1,16.5,12.4,3.0,0.6,10.0,14.5,10.8,0.1138888888888889,0.1138888888888889,0.2277777777777778,0.112,-3.4,2.4,-1.0,0.0,9.11111111111111,17.083333333333332,0.533,0.0,0.0,,9.11111111111111,17.083333333333332,0.533,0.533,4.555555555555555,6.833333333333333,0.667,6.833333333333333,14.805555555555555,21.63888888888889,2.2777777777777777,1.1388888888888888,10.25,3.4166666666666665,15.944444444444445,22.77777777777778,1.5384615384615385,0.15384615384615385,0.6923076923076923,0.07692307692307693,1,1,0,0,0.0
520,2021,Mason Plumlee,C,30,DET,63.77777777777778,63.77777777777778,1707.1944444444443,18.7,0.638,0.018,0.444,10.6,28.1,19.3,21.0,1.4,2.9,18.7,16.3,3.4166666666666665,2.391666666666667,5.808333333333334,0.164,0.3,1.8,2.1,1.7083333333333333,266.5,433.9166666666667,0.614,0.0,7.972222222222222,0.0,266.5,425.94444444444446,0.626,0.614,128.69444444444446,192.47222222222223,0.669,165.13888888888889,425.94444444444446,591.0833333333334,230.05555555555554,48.97222222222222,56.94444444444444,119.58333333333333,211.83333333333334,661.6944444444445,10.375,3.607142857142857,0.8928571428571429,0.7678571428571429,0,1,0,0,0.0
521,2021,Jakob Poeltl,C,25,SAS,78.58333333333333,58.083333333333336,2101.25,17.5,0.612,0.0,0.288,12.4,19.3,15.8,10.1,1.2,5.7,14.6,13.4,3.644444444444445,2.8472222222222223,6.491666666666667,0.148,-0.4,1.1,0.7,1.3666666666666665,301.80555555555554,489.72222222222223,0.616,0.0,0.0,,301.80555555555554,489.72222222222223,0.616,0.616,71.75,141.22222222222223,0.508,249.41666666666666,373.55555555555554,622.9722222222222,152.61111111111111,53.52777777777778,140.08333333333334,94.52777777777777,195.88888888888889,675.3611111111111,8.594202898550725,1.9420289855072463,1.7826086956521738,0.6811594202898551,0,1,0,0,0.0
522,2021,Vincent Poirier,C,27,PHI,11.38888888888889,0.0,44.416666666666664,1.6,0.273,0.083,0.5,17.2,22.2,19.8,6.6,0.0,6.9,21.5,20.6,-0.2277777777777778,0.1138888888888889,-0.1138888888888889,-0.127,-11.4,-3.2,-14.6,-0.1138888888888889,3.4166666666666665,13.666666666666666,0.25,0.0,1.1388888888888888,0.0,3.4166666666666665,12.527777777777779,0.273,0.25,2.2777777777777777,6.833333333333333,0.333,6.833333333333333,9.11111111111111,15.944444444444445,2.2777777777777777,0.0,3.4166666666666665,4.555555555555555,9.11111111111111,9.11111111111111,0.8,0.2,0.3,0.0,0,1,0,0,0.0
531,2021,Bobby Portis,C,25,MIL,75.16666666666667,7.972222222222222,1562.5555555555557,19.9,0.598,0.263,0.122,9.9,25.3,17.9,7.4,1.8,1.7,8.2,20.9,3.1888888888888887,2.2777777777777777,5.466666666666666,0.167,2.0,-0.6,1.4,1.3666666666666665,356.47222222222223,681.0555555555555,0.523,84.27777777777777,178.80555555555554,0.471,272.19444444444446,502.25,0.542,0.585,61.5,83.13888888888889,0.74,141.22222222222223,389.5,530.7222222222222,80.86111111111111,59.22222222222222,29.61111111111111,63.77777777777778,130.97222222222223,858.7222222222222,11.424242424242424,1.0757575757575757,0.3939393939393939,0.7878787878787878,0,1,0,0,0.0
532,2021,Kristaps Porziņģis,C,25,DAL,48.97222222222222,48.97222222222222,1511.3055555555557,21.3,0.582,0.378,0.202,6.9,24.6,15.8,8.4,0.7,4.1,6.4,26.5,2.9611111111111112,1.9361111111111111,4.897222222222222,0.154,2.9,-0.8,2.0,1.5944444444444443,370.1388888888889,777.8611111111111,0.476,110.47222222222223,293.8333333333333,0.376,259.6666666666667,484.02777777777777,0.536,0.547,134.38888888888889,157.16666666666666,0.855,93.38888888888889,340.52777777777777,433.9166666666667,77.44444444444444,22.77777777777778,66.05555555555556,58.083333333333336,130.97222222222223,985.1388888888889,20.11627906976744,1.5813953488372092,1.3488372093023255,0.46511627906976744,0,1,0,0,0.0
533,2021,Dwight Powell,C,29,DAL,66.05555555555556,21.63888888888889,1100.1666666666667,16.8,0.688,0.108,0.639,9.2,17.4,13.3,8.9,1.8,2.9,13.9,13.2,2.9611111111111112,1.3666666666666665,4.3277777777777775,0.188,-0.8,1.5,0.7,0.7972222222222222,136.66666666666666,220.94444444444446,0.619,5.694444444444445,23.916666666666668,0.238,130.97222222222223,197.02777777777777,0.665,0.631,110.47222222222223,141.22222222222223,0.782,91.11111111111111,175.38888888888889,266.5,71.75,41.0,34.166666666666664,45.55555555555556,153.75,389.5,5.896551724137931,1.0862068965517242,0.5172413793103449,0.6206896551724138,0,1,0,0,0.0
550,2021,Naz Reid,C,21,MIN,79.72222222222223,17.083333333333332,1534.0833333333333,18.2,0.599,0.299,0.286,6.4,20.0,12.9,8.7,1.2,4.9,9.5,22.5,2.1638888888888888,1.4805555555555556,3.644444444444445,0.113,-0.2,-0.5,-0.6,0.5694444444444444,346.22222222222223,661.6944444444445,0.523,69.47222222222223,198.16666666666666,0.351,276.75,463.52777777777777,0.597,0.576,130.97222222222223,189.05555555555554,0.693,93.38888888888889,273.3333333333333,366.72222222222223,82.0,38.72222222222222,86.55555555555556,78.58333333333333,203.86111111111111,892.8888888888889,11.2,1.0285714285714285,1.0857142857142856,0.4857142857142857,0,1,0,0,0.0
565,2021,Mitchell Robinson,C,22,NYK,35.30555555555556,33.02777777777778,971.4722222222222,17.7,0.642,0.0,0.301,14.5,17.5,16.0,2.9,2.1,5.0,11.5,11.8,2.05,1.9361111111111111,3.8722222222222222,0.192,-0.3,1.1,0.9,0.6833333333333332,130.97222222222223,200.44444444444446,0.653,0.0,0.0,,130.97222222222223,200.44444444444446,0.653,0.653,29.61111111111111,60.361111111111114,0.491,128.69444444444446,158.30555555555554,287.0,19.36111111111111,39.861111111111114,51.25,29.61111111111111,97.94444444444444,291.55555555555554,8.258064516129032,0.5483870967741935,1.4516129032258065,1.1290322580645162,0,1,0,0,0.0
580,2021,Dario Šarić,C,26,PHO,56.94444444444444,4.555555555555555,991.9722222222222,14.3,0.567,0.395,0.289,6.1,18.4,12.4,10.4,1.7,0.4,12.9,22.6,0.7972222222222222,1.1388888888888888,1.9361111111111111,0.093,-1.4,-0.8,-2.2,0.0,174.25,389.5,0.447,53.52777777777778,153.75,0.348,120.72222222222223,235.75,0.512,0.516,95.66666666666667,112.75,0.848,52.388888888888886,164.0,216.38888888888889,74.02777777777777,34.166666666666664,4.555555555555555,64.91666666666667,108.19444444444444,497.69444444444446,8.74,1.3,0.08,0.6,0,1,0,0,0.0
603,2021,Ray Spalding,C,23,HOU,2.2777777777777777,0.0,21.63888888888889,0.8,0.41,0.25,0.5,10.8,11.7,11.2,0.0,0.0,9.4,38.1,17.6,-0.1138888888888889,0.0,-0.1138888888888889,-0.184,-8.9,-1.4,-10.4,0.0,2.2777777777777777,4.555555555555555,0.5,0.0,1.1388888888888888,0.0,2.2777777777777777,3.4166666666666665,0.667,0.5,0.0,2.2777777777777777,0.0,2.2777777777777777,2.2777777777777777,4.555555555555555,0.0,0.0,2.2777777777777777,3.4166666666666665,3.4166666666666665,4.555555555555555,2.0,0.0,1.0,0.0,0,1,0,0,0.0
606,2021,Isaiah Stewart,C,19,DET,77.44444444444444,15.944444444444445,1657.0833333333333,16.4,0.597,0.154,0.225,12.0,22.7,17.3,6.3,1.3,5.2,13.0,15.5,2.1638888888888888,2.391666666666667,4.555555555555555,0.132,-1.6,0.4,-1.2,0.3416666666666666,257.3888888888889,465.80555555555554,0.553,23.916666666666668,71.75,0.333,233.47222222222223,394.05555555555554,0.592,0.578,72.88888888888889,104.77777777777777,0.696,181.08333333333334,334.8333333333333,515.9166666666666,67.19444444444444,44.416666666666664,97.94444444444444,76.30555555555556,209.55555555555554,611.5833333333334,7.897058823529412,0.8676470588235294,1.2647058823529411,0.5735294117647058,0,1,0,0,0.0
616,2021,Daniel Theis,C,28,TOT,74.02777777777777,58.083333333333336,1823.361111111111,15.0,0.609,0.326,0.236,6.5,18.3,12.4,9.5,1.2,3.3,11.4,15.6,2.733333333333333,2.05,4.897222222222222,0.128,-0.6,0.5,-0.2,0.7972222222222222,287.0,530.7222222222222,0.541,55.80555555555556,173.11111111111111,0.322,231.19444444444446,357.6111111111111,0.646,0.593,84.27777777777777,125.27777777777777,0.673,105.91666666666667,299.52777777777777,405.44444444444446,123.0,46.69444444444444,64.91666666666667,75.16666666666667,190.19444444444446,714.0833333333334,9.646153846153846,1.6615384615384616,0.8769230769230769,0.6307692307692307,1,1,0,0,0.0
632,2021,Killian Tillie,C,22,MEM,20.5,1.1388888888888888,207.27777777777777,8.5,0.461,0.579,0.193,3.5,10.6,7.0,5.6,1.3,4.0,3.1,14.8,0.0,0.2277777777777778,0.2277777777777778,0.055,-3.6,-0.5,-4.1,-0.1138888888888889,21.63888888888889,64.91666666666667,0.333,11.38888888888889,37.583333333333336,0.303,10.25,27.333333333333332,0.375,0.421,10.25,12.527777777777779,0.818,6.833333333333333,20.5,27.333333333333332,9.11111111111111,5.694444444444445,9.11111111111111,2.2777777777777777,22.77777777777778,64.91666666666667,3.1666666666666665,0.4444444444444444,0.4444444444444444,0.2777777777777778,0,1,0,0,0.0
638,2021,Karl-Anthony Towns,C,25,MIN,56.94444444444444,56.94444444444444,1923.5833333333333,23.1,0.612,0.36,0.355,8.2,26.4,17.0,22.6,1.1,2.9,13.7,29.1,4.3277777777777775,1.8222222222222224,6.15,0.153,4.0,0.2,4.3,3.075,484.02777777777777,996.5277777777778,0.486,138.94444444444446,358.75,0.387,345.0833333333333,637.7777777777778,0.541,0.555,304.0833333333333,354.19444444444446,0.859,151.47222222222223,451.0,602.4722222222222,256.25,44.416666666666664,64.91666666666667,182.22222222222223,211.83333333333334,1411.0833333333333,24.78,4.5,1.14,0.78,0,1,0,0,0.0
646,2021,Myles Turner,C,24,IND,53.52777777777778,53.52777777777778,1657.0833333333333,15.3,0.599,0.477,0.329,4.7,18.0,11.4,4.4,1.3,8.8,11.9,16.4,1.2527777777777778,2.5055555555555555,3.758333333333333,0.11,-1.3,1.7,0.4,1.025,234.61111111111111,492.0,0.477,78.58333333333333,234.61111111111111,0.335,156.02777777777777,257.3888888888889,0.606,0.557,126.41666666666667,161.72222222222223,0.782,71.75,276.75,348.5,54.666666666666664,45.55555555555556,181.08333333333334,76.30555555555556,187.91666666666666,674.2222222222222,12.595744680851064,1.0212765957446808,3.382978723404255,0.851063829787234,0,1,0,0,0.0
647,2021,Jonas Valančiūnas,C,28,MEM,70.61111111111111,69.47222222222223,1998.75,24.4,0.636,0.077,0.273,15.1,31.9,23.4,10.0,1.0,2.9,10.7,22.4,5.808333333333334,2.9611111111111112,8.883333333333333,0.213,3.1,-0.4,2.7,2.391666666666667,501.1111111111111,846.1944444444445,0.592,23.916666666666668,64.91666666666667,0.368,477.19444444444446,781.2777777777778,0.611,0.606,178.80555555555554,231.19444444444446,0.773,288.1388888888889,595.6388888888889,883.7777777777778,127.55555555555556,39.861111111111114,64.91666666666667,113.88888888888889,203.86111111111111,1204.9444444444443,17.06451612903226,1.8064516129032258,0.9193548387096774,0.5645161290322581,0,1,0,0,0.0
651,2021,Anderson Varejão,C,38,CLE,5.694444444444445,0.0,41.0,12.9,0.326,0.063,0.563,21.3,41.4,31.1,12.2,0.0,5.0,4.8,25.4,-0.1138888888888889,0.0,0.0,-0.029,-4.0,-2.2,-6.2,0.0,4.555555555555555,18.22222222222222,0.25,0.0,1.1388888888888888,0.0,4.555555555555555,17.083333333333332,0.267,0.25,5.694444444444445,10.25,0.556,7.972222222222222,14.805555555555555,22.77777777777778,3.4166666666666665,0.0,2.2777777777777777,1.1388888888888888,3.4166666666666665,14.805555555555555,2.6,0.6,0.4,0.0,0,1,0,0,0.0
655,2021,Nikola Vučević,C,30,TOT,79.72222222222223,79.72222222222223,2674.1111111111113,22.9,0.56,0.315,0.112,6.5,30.9,18.5,21.3,1.3,1.8,7.9,29.3,3.758333333333333,3.4166666666666665,7.175000000000001,0.129,4.9,0.2,5.1,4.783333333333334,758.5,1589.888888888889,0.477,200.44444444444446,501.1111111111111,0.4,558.0555555555555,1088.7777777777778,0.513,0.54,149.19444444444446,177.66666666666666,0.84,166.27777777777777,764.1944444444445,930.4722222222222,306.3611111111111,74.02777777777777,54.666666666666664,143.5,156.02777777777777,1866.638888888889,23.414285714285715,3.842857142857143,0.6857142857142857,0.9285714285714286,1,1,0,0,0.0
659,2021,Moritz Wagner,C,23,TOT,51.25,27.333333333333332,822.2777777777778,12.5,0.58,0.397,0.38,3.9,17.7,10.7,9.7,1.7,2.2,13.9,18.1,0.5694444444444444,0.9111111111111112,1.3666666666666665,0.082,-2.7,0.0,-2.7,-0.1138888888888889,118.44444444444444,260.80555555555554,0.454,35.30555555555556,103.63888888888889,0.341,83.13888888888889,157.16666666666666,0.529,0.522,80.86111111111111,99.08333333333333,0.816,30.75,135.52777777777777,166.27777777777777,56.94444444444444,29.61111111111111,20.5,48.97222222222222,123.0,353.05555555555554,6.888888888888889,1.1111111111111112,0.4,0.5777777777777777,1,1,0,0,0.0
678,2021,Hassan Whiteside,C,31,SAC,41.0,4.555555555555555,621.8333333333334,19.2,0.566,0.004,0.353,12.2,31.8,21.9,5.6,0.8,7.1,13.4,23.5,0.3416666666666666,0.6833333333333332,1.025,0.081,-1.8,-0.6,-2.5,-0.1138888888888889,143.5,255.11111111111111,0.563,0.0,1.1388888888888888,0.0,143.5,253.97222222222223,0.565,0.563,46.69444444444444,89.97222222222223,0.519,69.47222222222223,175.38888888888889,244.86111111111111,22.77777777777778,10.25,52.388888888888886,45.55555555555556,83.13888888888889,333.69444444444446,8.13888888888889,0.5555555555555556,1.2777777777777777,0.25,0,1,0,0,0.0
687,2021,Robert Williams,C,23,BOS,59.22222222222222,14.805555555555555,1121.8055555555557,25.7,0.719,0.008,0.283,14.9,25.6,20.2,14.2,2.1,8.6,15.2,15.0,3.8722222222222222,2.1638888888888888,6.0361111111111105,0.258,3.0,3.1,6.1,2.2777777777777777,211.83333333333334,293.8333333333333,0.721,0.0,2.2777777777777777,0.0,211.83333333333334,291.55555555555554,0.727,0.721,51.25,83.13888888888889,0.616,151.47222222222223,256.25,407.72222222222223,107.05555555555556,48.97222222222222,103.63888888888889,59.22222222222222,119.58333333333333,474.9166666666667,8.01923076923077,1.8076923076923077,1.75,0.8269230769230769,0,1,0,0,0.0
695,2021,James Wiseman,C,19,GSW,44.416666666666664,30.75,952.1111111111111,13.1,0.552,0.103,0.234,7.1,21.5,14.4,4.9,0.6,3.8,12.9,23.8,-0.4555555555555556,1.3666666666666665,0.7972222222222222,0.042,-4.0,-1.4,-5.4,-0.7972222222222222,217.52777777777777,419.1111111111111,0.519,13.666666666666666,43.27777777777778,0.316,203.86111111111111,375.8333333333333,0.542,0.535,61.5,97.94444444444444,0.628,62.638888888888886,194.75,257.3888888888889,29.61111111111111,12.527777777777779,41.0,68.33333333333333,137.80555555555554,510.22222222222223,11.487179487179487,0.6666666666666666,0.9230769230769231,0.28205128205128205,0,1,0,0,0.0
696,2021,Christian Wood,C,25,HOU,46.69444444444444,46.69444444444444,1510.1666666666667,20.0,0.591,0.322,0.309,5.9,26.8,15.9,9.4,1.2,3.2,9.9,25.9,1.5944444444444443,1.5944444444444443,3.1888888888888887,0.1,1.9,-0.5,1.4,1.3666666666666665,374.69444444444446,728.8888888888889,0.514,87.69444444444444,234.61111111111111,0.374,287.0,494.27777777777777,0.581,0.574,142.36111111111111,225.5,0.631,86.55555555555556,363.30555555555554,449.8611111111111,80.86111111111111,38.72222222222222,54.666666666666664,91.11111111111111,100.22222222222223,979.4444444444445,20.975609756097562,1.7317073170731707,1.170731707317073,0.8292682926829268,0,1,0,0,0.0
703,2021,Cody Zeller,C,28,CHO,54.666666666666664,23.916666666666668,1144.5833333333333,18.2,0.599,0.086,0.367,12.6,22.9,17.7,13.2,1.3,1.7,11.9,18.3,2.391666666666667,1.2527777777777778,3.758333333333333,0.156,-0.2,-0.1,-0.3,0.4555555555555556,206.13888888888889,369.0,0.559,4.555555555555555,31.88888888888889,0.143,201.58333333333334,337.1111111111111,0.598,0.565,96.80555555555556,135.52777777777777,0.714,135.52777777777777,238.02777777777777,373.55555555555554,97.94444444444444,30.75,19.36111111111111,58.083333333333336,137.80555555555554,513.6388888888889,9.395833333333334,1.7916666666666667,0.3541666666666667,0.5625,0,1,0,0,0.0
704,2021,Ivica Zubac,C,23,LAC,82.0,37.583333333333336,1832.4722222222222,19.1,0.693,0.01,0.434,13.6,22.4,18.1,7.9,0.7,3.4,14.7,15.1,5.466666666666666,2.391666666666667,7.858333333333334,0.206,0.7,0.0,0.7,1.2527777777777778,292.69444444444446,448.72222222222223,0.652,1.1388888888888888,4.555555555555555,0.25,291.55555555555554,444.1666666666667,0.656,0.654,153.75,194.75,0.789,215.25,375.8333333333333,591.0833333333334,102.5,27.333333333333332,70.61111111111111,92.25,212.97222222222223,740.2777777777778,9.027777777777779,1.25,0.8611111111111112,0.3333333333333333,0,1,0,0,0.0
